"Nome";"Categoria";"Endereço";"Horários publicados";"Foto";"Origem da foto";"Fonte dos dados"
"Supra Direito SBC";"Bares";"R. Java, 299 - Jardim do Mar, São Bernardo do Campo - SP, 09750-650";"dom: fechado; seg: 09:00–00:00; ter: 09:00–00:00; qua: 09:00–00:00; qui: 09:00–00:00; sex: 09:00–00:00; sáb: 16:00–00:00";"";"";"https://suprabar.com.br/direito-sbc/ | https://www.locaisdobrasil.com.br/encontre/bares/sao-bernardo-do-campo-sp/supra-bar-direito-sbc/62ceb8191968413d5511eb36"
"Mais Adega Point Bar";"Adegas";"Av. Príncipe de Gales, 466 - Vila Príncipe de Gales, Santo André - SP, 09060-650";"Não confirmado / conforme programação";"";"";"https://casadosdados.com.br/solucao/cnpj/61-428-933-bruno-da-silva-goncalves-61428933000179"
"Beco Figueiras";"Bares";"R. das Figueiras, 1380 - Jardim, Santo André - SP, 09080-300";"dom: 16:00–00:00; seg: fechado; ter: fechado; qua: 18:00–00:00; qui: 18:00–00:00; sex: 18:00–02:00; sáb: 16:00–02:00";"";"";"https://www.locaisdobrasil.com.br/encontre/bares/santo-andre-sp/beco-figueiras/660d1ad7a3f2688d6da690f6 | https://restaurantguru.com.br/Beco-Figueiras-Santo-Andre"
"Boteco São Bento Santo André";"Bares";"R. das Bandeiras, 16 - Jardim, Santo André - SP, 09090-780";"dom: 12:00–01:00; seg: 16:00–01:00; ter: 12:00–01:00; qua: 12:00–01:00; qui: 12:00–01:00; sex: 12:00–01:00; sáb: 12:00–01:00";"assets/venues/boteco-sao-bento.webp";"https://botecosaobento.com.br/";"https://botecosaobento.com.br/ | https://www.locaisdobrasil.com.br/encontre/bares/santo-andre-sp/boteco-sao-bento-santo-andre/68a9979f2648b322fc60609f | https://restaurantguru.com.br/Boteco-Sao-Bento-Santo-Andre-Santo-Andre"
"Bar Figueiras";"Bares";"Rua das Figueiras, 835 - Jardim, Santo André - SP, 09080-300";"dom: 12:00–00:00; seg: 12:00–00:00; ter: 12:00–00:00; qua: 12:00–00:30; qui: 12:00–00:30; sex: 12:00–03:00; sáb: 12:00–03:00";"assets/venues/bar-figueiras.webp";"https://barfigueiras.com.br/";"https://restaurantguru.com.br/Bar-Figueiras-Santo-Andre | https://barfigueiras.com.br/"
"Vedê Bar";"Bares";"Rua das Figueiras, 1206 - Jardim, Santo André - SP, 09080-300";"dom: 12:00–20:00; seg: fechado; ter: fechado; qua: 18:00–02:00; qui: 18:00–02:00; sex: 18:00–02:00; sáb: 15:00–02:00";"assets/venues/vede.webp";"https://vedebar.com.br/";"https://restaurantguru.com.br/Vede-Bar-Santo-Andre | https://vedebar.com.br/"
"Charllu Bar";"Bares";"Av. dos Estados, 6843 - Centro, Santo André - SP";"dom: 12:00–23:00; seg: fechado; ter: 16:00–23:00; qua: 16:00–01:00; qui: 16:00–01:00; sex: 16:00–01:00; sáb: 12:00–01:00";"assets/venues/charllu.webp";"https://charllu.com.br/";"https://restaurantguru.com.br/Charllu-Bar-Santo-Andre | https://charllu.com.br/"
"Supra Bernô";"Casas de festas";"Rua Marli, 26 - Jardim do Mar, São Bernardo do Campo - SP, 09726-390";"Não confirmado / conforme programação";"";"";"https://www.blacktag.com.br/organizadores/1288/supra-berno | https://restaurantguru.com.br/Supra-Bar-Berno-Sao-Bernardo-do-Campo"
"Buffet Ocean Drive";"Espaços para festas";"Av. Padre Anchieta, 208 - Jardim, Santo André - SP, 09090-710";"Não confirmado / conforme programação";"assets/venues/ocean-drive.webp";"https://www.instagram.com/p/DHe1dFMxVmY/";"https://www.oceandrive.com.br/index.html | https://www.locaisdobrasil.com.br/encontre/buffet/santo-andre-sp/buffet-ocean-drive/66dba2d258c8e2634b9939aa"
"Frampe Bar";"Bares";"Av. Min. Osvaldo Aranha, 302 - Rudge Ramos, São Bernardo do Campo - SP, 09626-000";"dom: 08:00–17:00; seg: 06:00–22:00; ter: 06:00–22:00; qua: 06:00–22:00; qui: 06:00–22:00; sex: 06:00–22:00; sáb: 07:00–22:00";"";"";"https://www.locaisdobrasil.com.br/encontre/bares/sao-bernardo-do-campo-sp/frampe-bar/66c7a83cf99178ff5747437d | https://restaurantguru.com.br/Frampe-Bar-Sao-Bernardo-do-Campo"
"CasaVéia Bebidas e Espetos";"Bares";"Av. Atlântica, 497 - Vila Valparaiso, Santo André - SP, 09060-000";"dom: fechado; seg: fechado; ter: 17:00–23:30; qua: 17:00–00:00; qui: 17:00–00:00; sex: 17:00–00:00; sáb: 12:30–00:00";"";"";"https://www.locaisdobrasil.com.br/encontre/bares/santo-andre-sp/casaveia-bebidas-e-espetos/660ce897a3f2688d6da681fa | https://restaurantguru.com.br/CasaVeia-Bebidas-e-Espetos-Santo-Andre"
"Virtus Beer Bar e Restaurante";"Bares";"R. Adolfo Laves, 327 - Vila Valparaiso, Santo André - SP, 09060-390";"dom: fechado; seg: 08:00–20:00; ter: 08:00–20:00; qua: 08:00–20:00; qui: 08:00–21:00; sex: 08:00–16:00; sáb: 08:00–16:00";"";"";"https://www.locaisdobrasil.com.br/encontre/bares/santo-andre-sp/virtus-beer-bar-e-restaurante/636e4cbfb46ef06da8426256 | https://restaurantguru.com.br/Virtus-Beer-Bar-e-Restaurante-Santo-Andre"
"A Gruta Rock Bar";"Bares";"R. Cel. Abílio Soares, 426 - Vila Assunção, Santo André - SP, 09020-260";"dom: fechado; seg: 19:00–23:00; ter: 19:00–02:00; qua: 19:00–02:00; qui: 19:00–02:00; sex: 19:00–03:00; sáb: 18:00–03:00";"";"";"https://www.locaisdobrasil.com.br/encontre/bares/santo-andre-sp/a-gruta-rock-bar/636e4c81b46ef06da8426220 | https://restaurantguru.com.br/A-Gruta-Rock-Bar-Santo-Andre"
"Botequim Carioca";"Bares";"R. Santo André, 524 - Centro, Santo André - SP, 09020-230";"dom: 12:00–17:00; seg: 12:00–17:00; ter: 12:00–17:00; qua: 12:00–23:00; qui: 12:00–23:00; sex: 12:00–23:00; sáb: 12:00–23:00";"";"";"https://www.locaisdobrasil.com.br/encontre/bares/santo-andre-sp/botequim-carioca/660cee3fa3f2688d6da683ad | https://restaurantguru.com.br/Botequim-Carioca-Santo-Andre"
"TO THE SEA";"Bares";"Rua Haddock Lobo, 351 - Vila Bastos, Santo André - SP, 09040-340";"dom: 17:00–23:00; seg: fechado; ter: fechado; qua: 18:00–00:00; qui: 18:00–00:00; sex: 18:00–00:00; sáb: 17:00–00:00";"";"";"https://www.locaisdobrasil.com.br/encontre/bares/santo-andre-sp/to-the-sea/660d1b27a3f2688d6da6910d | https://restaurantguru.com.br/TO-THE-SEA-Santo-Andre"
"CASINHA BAR Melhor Caipirinha Do Brrasil";"Bares";"R. Itobi, 138 - Vila Alpina, Santo André - SP, 09090-240";"dom: 11:00–15:00; seg: fechado; ter: 16:00–22:00; qua: 16:00–22:00; qui: 16:00–22:00; sex: 16:00–22:00; sáb: 11:00–19:00";"";"";"https://www.locaisdobrasil.com.br/encontre/bares/santo-andre-sp/casinha-bar-melhor-caipirinha-do-brrasil/660d1b16a3f2688d6da69108 | https://restaurantguru.com.br/CASINHA-BAR-Melhor-Caipirinha-Do-Brrasil-Santo-Andre"
"Bar do Rubão";"Bares";"Av. Prestes Maia, 158 - Vila Guiomar, Santo André - SP, 09090-521";"dom: 09:00–20:00; seg: 10:00–22:00; ter: 10:00–22:00; qua: 10:00–22:00; qui: 10:00–22:00; sex: 10:00–22:00; sáb: 10:00–22:00";"";"";"https://www.locaisdobrasil.com.br/encontre/bares/santo-andre-sp/bar-do-rubao/636e4cf8b46ef06da8426287 | https://restaurantguru.com.br/Bar-do-Rubao-Santo-Andre"
"After Bar - Barzinho em SBC";"Bares";"Av. Kennedy, 137 - Jardim do Mar, São Bernardo do Campo - SP, 09726-250";"Não confirmado / conforme programação";"";"";"https://www.locaisdobrasil.com.br/encontre/bares/sao-bernardo-do-campo-sp/after-bar-barzinho-em-sbc/660cedd9a3f2688d6da68390 | https://restaurantguru.com.br/After-Bar-Barzinho-em-SBC-Sao-Bernardo-do-Campo"
"Taberna adega bar";"Bares";"Rua Pacaembú, 353 - Paulicéia, São Bernardo do Campo - SP, 09692-040";"dom: 00:00–06:00 / 12:00–00:00; seg: 00:00–06:00 / 15:00–00:00; ter: 00:00–06:00; qua: 15:00–00:00; qui: 15:00–00:00; sex: 00:00–06:00 / 15:00–00:00; sáb: 00:00–06:00 / 15:00–00:00";"";"";"https://www.locaisdobrasil.com.br/encontre/bares/sao-bernardo-do-campo-sp/taberna-adega-bar/660c3cadd622f2b541169be3 | https://restaurantguru.com.br/Taberna-adega-bar-Sao-Bernardo-do-Campo"
"Bararanha";"Bares";"Praça Assunção, 04 - Vila Assunção, Santo André - SP, 09030-527";"dom: 11:00–17:00; seg: 08:00–21:00; ter: 08:00–21:00; qua: 08:00–23:00; qui: 08:00–22:00; sex: 08:00–23:00; sáb: 11:00–21:00";"";"";"https://www.locaisdobrasil.com.br/encontre/bares/santo-andre-sp/bararanha/660beb5dd622f2b5411680fe | https://restaurantguru.com.br/Bararanha-Santo-Andre"
"Bar do Carlinhos";"Bares";"R. Estér, 437 - Vila Alpina, Santo André - SP, 09090-290";"dom: 08:45–16:45; seg: 11:30–01:30; ter: 11:30–01:30; qua: 11:30–01:30; qui: 11:30–01:30; sex: 11:30–01:30; sáb: 11:30–01:30";"";"";"https://www.locaisdobrasil.com.br/encontre/bares/santo-andre-sp/bar-do-carlinhos/636e4645b46ef06da8425cc6 | https://restaurantguru.com.br/Bar-do-Carlinhos-Santo-Andre"
"Bar do Djack";"Bares";"Av. Dom Pedro II, 566";"dom: 12:00–17:00; seg: fechado; ter: 18:00–23:00; qua: 18:00–23:00; qui: 18:00–23:00; sex: 18:00–23:00; sáb: 12:00–23:00";"assets/venues/djack.webp";"https://www.bardodjack.com.br/";"https://restaurantguru.com.br/Bar-do-Djack-Santo-Andre | https://www.bardodjack.com.br/"
