"Nome";"Categorias da fonte";"Endereço";"Município";"Distância em linha reta (km)";"Horários publicados";"Latitude";"Longitude";"Estado da verificação";"Pendências";"Fontes";"Classificação para rolê";"Prioridade de pesquisa";"No site";"Perfil pesquisado";"Motivo da classificação";"Base da avaliação";"Público universitário";"Operação atual";"Próxima ação";"Data da curadoria";"Fontes da curadoria";"Resultado das consultas";"ID no site";"Endereço atual no site";"Horários atuais no site";"Pico semanal no site";"Fonte da atualização";"Revisão atual";"Pendências atuais"
"Espaço Bere.";"bares";"R. Tremembé, 288 - Vila Vivaldi, São Bernardo do Campo - SP, 09617-070";"São Bernardo do Campo";"0.81";"Não localizado";"-23.666541499999997";"-46.5597038";"fonte secundária; funcionamento atual não confirmado";"";"https://www.locaisdobrasil.com.br/encontre/bares/sao-bernardo-do-campo-sp/espaco-bere/660cee13a3f2688d6da683a0";"Priorizar — perfil corroborado";"1";"Não";"Bar para conversa e bebidas";"Ficha no endereço correspondente apresenta bebidas/petiscos no contexto de bar. Perfil compatível inferido; público universitário e preço acessível não comprovados.";"Perfil descrito em ficha/avaliações secundárias; operação pendente";"Não verificado";"Não confirmada diretamente nesta pesquisa";"Confirmar operação/horários diretamente; conferir endereço, fotos e acesso antes de cadastrar.";"2026-10-05";"https://restaurantguru.com.br/Espaco-Bere-Sao-Bernardo-do-Campo";"Ficha correspondente (HTTP 200): https://www.locaisdobrasil.com.br/encontre/bares/sao-bernardo-do-campo-sp/espaco-bere/660cee13a3f2688d6da683a0 | Ficha correspondente (HTTP 200): https://restaurantguru.com.br/Espaco-Bere-Sao-Bernardo-do-Campo";"";"";"";"";"https://restaurantguru.com.br/Espaco-Bere-Sao-Bernardo-do-Campo";"2026-10-05";"Confirmar operação/horários diretamente; conferir endereço, fotos e acesso antes de cadastrar."
"Bar do Jânio";"bares";"R. Santarém, 238 - Vila Floresta, Santo André - SP, 09051-519";"Santo André";"1.588";"Não localizado";"-23.6751951";"-46.54978870000001";"fonte secundária; funcionamento atual não confirmado";"";"https://www.locaisdobrasil.com.br/encontre/bares/santo-andre-sp/bar-do-janio/660d1b88a3f2688d6da69128";"Priorizar — perfil corroborado";"1";"Não";"Bar para conversa e bebidas";"Ficha no endereço correspondente apresenta bebidas/petiscos no contexto de bar. Perfil compatível inferido; público universitário e preço acessível não comprovados.";"Perfil descrito em ficha/avaliações secundárias; operação pendente";"Não verificado";"Não confirmada diretamente nesta pesquisa";"Confirmar operação/horários diretamente; conferir endereço, fotos e acesso antes de cadastrar.";"2026-10-05";"https://restaurantguru.com.br/Bar-do-Janio-Santo-Andre";"Ficha correspondente (HTTP 200): https://www.locaisdobrasil.com.br/encontre/bares/santo-andre-sp/bar-do-janio/660d1b88a3f2688d6da69128 | Ficha correspondente (HTTP 200): https://restaurantguru.com.br/Bar-do-Janio-Santo-Andre";"";"";"";"";"https://restaurantguru.com.br/Bar-do-Janio-Santo-Andre";"2026-10-05";"Confirmar operação/horários diretamente; conferir endereço, fotos e acesso antes de cadastrar."
"Bar da Dalva";"bares";"R. das Goiabeiras, 802 - Jardim, Santo André - SP, 09090-060";"Santo André";"1.595";"dom: 10:00–14:00; seg, ter, qua, qui, sex: 11:00–22:00; sáb: 10:00–22:00";"-23.650334299999997";"-46.544121499999996";"fonte secundária; funcionamento atual não confirmado";"";"https://www.locaisdobrasil.com.br/encontre/bares/santo-andre-sp/bar-da-dalva/660c51d2d622f2b54116a291";"Priorizar — perfil corroborado";"1";"Não";"Bar para conversa e bebidas";"Ficha no endereço correspondente apresenta bebidas/petiscos no contexto de bar. Perfil compatível inferido; público universitário e preço acessível não comprovados.";"Perfil descrito em ficha/avaliações secundárias; operação pendente";"Não verificado";"Não confirmada diretamente nesta pesquisa";"Confirmar operação/horários diretamente; conferir endereço, fotos e acesso antes de cadastrar.";"2026-10-05";"https://restaurantguru.com.br/Bar-da-Dalva-Santo-Andre";"Ficha correspondente (HTTP 200): https://www.locaisdobrasil.com.br/encontre/bares/santo-andre-sp/bar-da-dalva/660c51d2d622f2b54116a291 | Ficha correspondente (HTTP 200): https://restaurantguru.com.br/Bar-da-Dalva-Santo-Andre";"";"";"";"";"https://restaurantguru.com.br/Bar-da-Dalva-Santo-Andre";"2026-10-05";"Confirmar operação/horários diretamente; conferir endereço, fotos e acesso antes de cadastrar."
"Bar e Lanchonete do Dú";"bares";"Al. Conde de Porto Alegre, 2382 - Santa Maria, São Caetano do Sul - SP, 09561-001";"São Caetano do Sul";"1.645";"dom, seg, ter, qua, qui, sex, sáb: 09:00–22:45";"-23.6467016";"-46.5552525";"fonte secundária; funcionamento atual não confirmado";"";"https://www.locaisdobrasil.com.br/encontre/bares/sao-caetano-do-sul-sp/bar-e-lanchonete-do-du/660f6f9ba451b0ad1fb9c3de";"Priorizar — perfil corroborado";"1";"Não";"Bar para resenha e jogos";"Ficha no endereço correspondente apresenta sinuca/bilhar, bebidas/petiscos no contexto de bar. Perfil compatível inferido; público universitário e preço acessível não comprovados.";"Perfil descrito em ficha/avaliações secundárias; operação pendente";"Não verificado";"Não confirmada diretamente nesta pesquisa";"Confirmar operação/horários diretamente; conferir endereço, fotos e acesso antes de cadastrar.";"2026-10-05";"https://restaurantguru.com.br/Bar-e-Lanchonete-do-Du-Sao-Caetano-do-Sul";"Ficha correspondente (HTTP 200): https://www.locaisdobrasil.com.br/encontre/bares/sao-caetano-do-sul-sp/bar-e-lanchonete-do-du/660f6f9ba451b0ad1fb9c3de | Ficha correspondente (HTTP 200): https://restaurantguru.com.br/Bar-e-Lanchonete-do-Du-Sao-Caetano-do-Sul";"";"";"";"";"https://restaurantguru.com.br/Bar-e-Lanchonete-do-Du-Sao-Caetano-do-Sul";"2026-10-05";"Confirmar operação/horários diretamente; conferir endereço, fotos e acesso antes de cadastrar."
"Bar e Restaurante Potiguar";"bares";"Rua Jacquey, 38 - Rudge Ramos, São Bernardo do Campo - SP, 09634-000";"São Bernardo do Campo";"1.83";"seg, ter, qua, qui, sex, sáb: 07:00–04:00";"-23.654684";"-46.5703983";"fonte secundária; funcionamento atual não confirmado";"";"https://www.locaisdobrasil.com.br/encontre/bares/sao-bernardo-do-campo-sp/bar-e-restaurante-potiguar/660cfe04a3f2688d6da68876";"Priorizar — perfil corroborado";"1";"Não";"Bar para conversa e bebidas";"Ficha no endereço correspondente apresenta bebidas/petiscos no contexto de bar. Perfil compatível inferido; público universitário e preço acessível não comprovados.";"Perfil descrito em ficha/avaliações secundárias; operação pendente";"Não verificado";"Não confirmada diretamente nesta pesquisa";"Confirmar operação/horários diretamente; conferir endereço, fotos e acesso antes de cadastrar.";"2026-10-05";"https://restaurantguru.com.br/Bar-e-Restaurante-Potiguar-Sao-Bernardo-do-Campo-2";"Ficha correspondente (HTTP 200): https://www.locaisdobrasil.com.br/encontre/bares/sao-bernardo-do-campo-sp/bar-e-restaurante-potiguar/660cfe04a3f2688d6da68876 | Ficha correspondente (HTTP 200): https://restaurantguru.com.br/Bar-e-Restaurante-Potiguar-Sao-Bernardo-do-Campo-2";"";"";"";"";"https://restaurantguru.com.br/Bar-e-Restaurante-Potiguar-Sao-Bernardo-do-Campo-2";"2026-10-05";"Confirmar operação/horários diretamente; conferir endereço, fotos e acesso antes de cadastrar."
"Bar do Jão";"bares";"R. Jaguari, 489 - Jardim, Santo André - SP, 09090-080";"Santo André";"1.866";"seg, ter, qua, qui: 09:00–23:00; sex, sáb: 09:00–01:00";"-23.6468314";"-46.545020199999996";"fonte secundária; funcionamento atual não confirmado";"";"https://www.locaisdobrasil.com.br/encontre/bares/santo-andre-sp/bar-do-jao/660d1b4ba3f2688d6da69117";"Priorizar — perfil corroborado";"1";"Não";"Bar para conversa e bebidas";"Ficha no endereço correspondente apresenta bebidas/petiscos no contexto de bar. Perfil compatível inferido; público universitário e preço acessível não comprovados.";"Perfil descrito em ficha/avaliações secundárias; operação pendente";"Não verificado";"Não confirmada diretamente nesta pesquisa";"Confirmar operação/horários diretamente; conferir endereço, fotos e acesso antes de cadastrar.";"2026-10-05";"https://restaurantguru.com.br/Bar-do-Jao-Santo-Andre";"Ficha correspondente (HTTP 200): https://www.locaisdobrasil.com.br/encontre/bares/santo-andre-sp/bar-do-jao/660d1b4ba3f2688d6da69117 | Ficha correspondente (HTTP 200): https://restaurantguru.com.br/Bar-do-Jao-Santo-Andre";"";"";"";"";"https://restaurantguru.com.br/Bar-do-Jao-Santo-Andre";"2026-10-05";"Confirmar operação/horários diretamente; conferir endereço, fotos e acesso antes de cadastrar."
"Virandos Bar";"bares";"R. Catequese, 712 - Vila Guiomar, Santo André - SP, 09090-401";"Santo André";"1.95";"seg, ter, qua, qui, sex: 06:30–21:00; sáb: 06:30–03:00";"-23.655894399999998";"-46.5358568";"fonte secundária; funcionamento atual não confirmado";"";"https://www.locaisdobrasil.com.br/encontre/bares/santo-andre-sp/virandos-bar/660d1ad0a3f2688d6da690f4";"Priorizar — perfil corroborado";"1";"Não";"Bar para conversa e bebidas";"Ficha no endereço correspondente apresenta bebidas/petiscos no contexto de bar. Perfil compatível inferido; público universitário e preço acessível não comprovados.";"Perfil descrito em ficha/avaliações secundárias; operação pendente";"Não verificado";"Não confirmada diretamente nesta pesquisa";"Confirmar operação/horários diretamente; conferir endereço, fotos e acesso antes de cadastrar.";"2026-10-05";"https://restaurantguru.com.br/Virandos-Bar-Santo-Andre";"Ficha correspondente (HTTP 200): https://www.locaisdobrasil.com.br/encontre/bares/santo-andre-sp/virandos-bar/660d1ad0a3f2688d6da690f4 | Ficha correspondente (HTTP 200): https://restaurantguru.com.br/Virandos-Bar-Santo-Andre";"";"";"";"";"https://restaurantguru.com.br/Virandos-Bar-Santo-Andre";"2026-10-05";"Confirmar operação/horários diretamente; conferir endereço, fotos e acesso antes de cadastrar."
"BAR RECANTO DA GALERA";"bares";"R. Igaratá, 45 - Vila Palmares, Santo André - SP, 09061-790";"Santo André";"1.952";"dom, ter, qua, qui, sex, sáb: 11:00–23:00";"-23.646233799999997";"-46.5635699";"fonte secundária; funcionamento atual não confirmado";"";"https://www.locaisdobrasil.com.br/encontre/bares/santo-andre-sp/bar-recanto-da-galera/660d1b95a3f2688d6da6912c";"Priorizar — perfil corroborado";"1";"Não";"Bar para conversa e bebidas";"Ficha no endereço correspondente apresenta bebidas/petiscos no contexto de bar. Perfil compatível inferido; público universitário e preço acessível não comprovados.";"Perfil descrito em ficha/avaliações secundárias; operação pendente";"Não verificado";"Não confirmada diretamente nesta pesquisa";"Confirmar operação/horários diretamente; conferir endereço, fotos e acesso antes de cadastrar.";"2026-10-05";"https://restaurantguru.com.br/BAR-RECANTO-DA-GALERA-Santo-Andre";"Ficha correspondente (HTTP 200): https://www.locaisdobrasil.com.br/encontre/bares/santo-andre-sp/bar-recanto-da-galera/660d1b95a3f2688d6da6912c | Ficha correspondente (HTTP 200): https://restaurantguru.com.br/BAR-RECANTO-DA-GALERA-Santo-Andre";"";"";"";"";"https://restaurantguru.com.br/BAR-RECANTO-DA-GALERA-Santo-Andre";"2026-10-05";"Confirmar operação/horários diretamente; conferir endereço, fotos e acesso antes de cadastrar."
"Recanto Dois Irmãos";"bares";"Av. Bom Pastor, 1101 - Jardim Bom Pastor, Santo André - SP, 09051-301";"Santo André";"1.985";"dom, seg, ter, qua, qui, sex, sáb: 09:00–22:00";"-23.679293200000004";"-46.5533461";"fonte secundária; funcionamento atual não confirmado";"";"https://www.locaisdobrasil.com.br/encontre/bares/santo-andre-sp/recanto-dois-irmaos/636e4c6ab46ef06da842620d";"Priorizar — perfil corroborado";"1";"Não";"Bar para conversa e bebidas";"Ficha no endereço correspondente apresenta bebidas/petiscos no contexto de bar. Perfil compatível inferido; público universitário e preço acessível não comprovados.";"Perfil descrito em ficha/avaliações secundárias; operação pendente";"Não verificado";"Não confirmada diretamente nesta pesquisa";"Confirmar operação/horários diretamente; conferir endereço, fotos e acesso antes de cadastrar.";"2026-10-05";"https://restaurantguru.com.br/Recanto-Dois-Irmaos-Santo-Andre";"Ficha correspondente (HTTP 200): https://www.locaisdobrasil.com.br/encontre/bares/santo-andre-sp/recanto-dois-irmaos/636e4c6ab46ef06da842620d | Ficha correspondente (HTTP 200): https://restaurantguru.com.br/Recanto-Dois-Irmaos-Santo-Andre";"";"";"";"";"https://restaurantguru.com.br/Recanto-Dois-Irmaos-Santo-Andre";"2026-10-05";"Confirmar operação/horários diretamente; conferir endereço, fotos e acesso antes de cadastrar."
"Brasa Chopp e Parrilla";"bares";"Av. Kennedy, 888 - Jardim do Mar, São Bernardo do Campo - SP, 09726-253";"São Bernardo do Campo";"2.316";"dom, seg: 12:00–23:00; ter, qua, qui, sex, sáb: 12:00–01:00";"-23.6820485";"-46.557386799999996";"fonte secundária; funcionamento atual não confirmado";"";"https://www.locaisdobrasil.com.br/encontre/bares/sao-bernardo-do-campo-sp/brasa-chopp-e-parrilla/660bbd51d622f2b54116710c";"Priorizar — perfil corroborado";"1";"Não";"Bar com música ao vivo";"Ficha no endereço correspondente apresenta música ao vivo. Perfil compatível inferido; público universitário e preço acessível não comprovados.";"Perfil descrito em ficha/avaliações secundárias; operação pendente";"Não verificado";"Não confirmada diretamente nesta pesquisa";"Confirmar operação/horários diretamente; conferir endereço, fotos e acesso antes de cadastrar.";"2026-10-05";"https://restaurantguru.com.br/Brasa-Chopp-e-Parrilla-Sao-Bernardo-do-Campo";"Ficha correspondente (HTTP 200): https://www.locaisdobrasil.com.br/encontre/bares/sao-bernardo-do-campo-sp/brasa-chopp-e-parrilla/660bbd51d622f2b54116710c | Ficha correspondente (HTTP 200): https://restaurantguru.com.br/Brasa-Chopp-e-Parrilla-Sao-Bernardo-do-Campo";"";"";"";"";"https://restaurantguru.com.br/Brasa-Chopp-e-Parrilla-Sao-Bernardo-do-Campo";"2026-10-05";"Confirmar operação/horários diretamente; conferir endereço, fotos e acesso antes de cadastrar."
"Boteco Kazu - Bar e Espetaria.";"bares";"Praça Nossa Sra. de Fátima, 48 - Anchieta, São Bernardo do Campo - SP, 09732-460";"São Bernardo do Campo";"2.475";"seg, ter, qua, qui, sex: 16:00–22:00; sáb: 12:00–20:00";"-23.682577499999997";"-46.5616653";"fonte secundária; funcionamento atual não confirmado";"";"https://www.locaisdobrasil.com.br/encontre/bares/sao-bernardo-do-campo-sp/boteco-kazu-bar-e-espetaria/660be720d622f2b541167f90";"Priorizar — perfil corroborado";"1";"Não";"Bar para conversa e bebidas";"Ficha no endereço correspondente apresenta bebidas/petiscos no contexto de bar. Perfil compatível inferido; público universitário e preço acessível não comprovados.";"Perfil descrito em ficha/avaliações secundárias; operação pendente";"Não verificado";"Não confirmada diretamente nesta pesquisa";"Confirmar operação/horários diretamente; conferir endereço, fotos e acesso antes de cadastrar.";"2026-10-05";"https://restaurantguru.com.br/Boteco-Kazu-Bar-e-Espetaria-Sao-Bernardo-do-Campo";"Ficha correspondente (HTTP 200): https://www.locaisdobrasil.com.br/encontre/bares/sao-bernardo-do-campo-sp/boteco-kazu-bar-e-espetaria/660be720d622f2b541167f90 | Ficha correspondente (HTTP 200): https://restaurantguru.com.br/Boteco-Kazu-Bar-e-Espetaria-Sao-Bernardo-do-Campo";"";"";"";"";"https://restaurantguru.com.br/Boteco-Kazu-Bar-e-Espetaria-Sao-Bernardo-do-Campo";"2026-10-05";"Confirmar operação/horários diretamente; conferir endereço, fotos e acesso antes de cadastrar."
"Bar do Pascoal";"bares";"R. Porto Carrero, 355 - Campestre, Santo André - SP, 09070-240";"Santo André";"2.517";"dom: 08:00–16:00; seg, ter, qua, qui, sex, sáb: 07:00–23:00";"-23.641861199999997";"-46.5416357";"fonte secundária; funcionamento atual não confirmado";"";"https://www.locaisdobrasil.com.br/encontre/bares/santo-andre-sp/bar-do-pascoal/636e4cf2b46ef06da8426282";"Priorizar — perfil corroborado";"1";"Não";"Bar para conversa e bebidas";"Ficha no endereço correspondente apresenta bebidas/petiscos no contexto de bar. Perfil compatível inferido; público universitário e preço acessível não comprovados.";"Perfil descrito em ficha/avaliações secundárias; operação pendente";"Não verificado";"Não confirmada diretamente nesta pesquisa";"Confirmar operação/horários diretamente; conferir endereço, fotos e acesso antes de cadastrar.";"2026-10-05";"https://restaurantguru.com.br/Wells-Bar-Santo-Andre";"Ficha correspondente (HTTP 200): https://www.locaisdobrasil.com.br/encontre/bares/santo-andre-sp/bar-do-pascoal/636e4cf2b46ef06da8426282 | Ficha correspondente (HTTP 200): https://restaurantguru.com.br/Wells-Bar-Santo-Andre";"";"";"";"";"https://restaurantguru.com.br/Wells-Bar-Santo-Andre";"2026-10-05";"Confirmar operação/horários diretamente; conferir endereço, fotos e acesso antes de cadastrar."
"Boteco Adoniran";"bares";"Av. Kennedy, 579 - Jardim do Mar, São Bernardo do Campo - SP, 09726-262";"São Bernardo do Campo";"2.591";"dom: 12:00–22:00; ter, qua, qui: 16:00–00:00; sex: 16:00–01:00; sáb: 12:00–01:00";"-23.6843284";"-46.5588493";"fonte secundária; funcionamento atual não confirmado";"";"https://www.locaisdobrasil.com.br/encontre/bares/sao-bernardo-do-campo-sp/boteco-adoniran/634efb1cbd08cbb564412f38";"Priorizar — perfil corroborado";"1";"Não";"Bar/karaokê";"Ficha no endereço correspondente apresenta karaokê. Perfil compatível inferido; público universitário e preço acessível não comprovados.";"Perfil descrito em ficha/avaliações secundárias; operação pendente";"Não verificado";"Não confirmada diretamente nesta pesquisa";"Confirmar operação/horários diretamente; conferir endereço, fotos e acesso antes de cadastrar.";"2026-10-05";"https://restaurantguru.com.br/Boteco-Adoniran-Sao-Bernardo-do-Campo";"Ficha correspondente (HTTP 200): https://www.locaisdobrasil.com.br/encontre/bares/sao-bernardo-do-campo-sp/boteco-adoniran/634efb1cbd08cbb564412f38 | Ficha correspondente (HTTP 200): https://restaurantguru.com.br/Boteco-Adoniran-Sao-Bernardo-do-Campo";"";"";"";"";"https://restaurantguru.com.br/Boteco-Adoniran-Sao-Bernardo-do-Campo";"2026-10-05";"Confirmar operação/horários diretamente; conferir endereço, fotos e acesso antes de cadastrar."
"O Beco Torto";"bares";"R. Santo André, 293 - Centro, Santo André - SP, 09020-230";"Santo André";"2.773";"dom, ter, qua, qui: 18:00–00:00; sex, sáb: 18:00–01:00";"-23.6642048";"-46.5269596";"fonte secundária; funcionamento atual não confirmado";"";"https://www.locaisdobrasil.com.br/encontre/bares/santo-andre-sp/o-beco-torto/660d1b12a3f2688d6da69107";"Priorizar — perfil corroborado";"1";"Não";"Bar/karaokê";"Ficha no endereço correspondente apresenta karaokê, bebidas/petiscos no contexto de bar. Perfil compatível inferido; público universitário e preço acessível não comprovados.";"Perfil descrito em ficha/avaliações secundárias; operação pendente";"Não verificado";"Não confirmada diretamente nesta pesquisa";"Confirmar operação/horários diretamente; conferir endereço, fotos e acesso antes de cadastrar.";"2026-10-05";"https://restaurantguru.com.br/O-Beco-Torto-Santo-Andre";"Ficha correspondente (HTTP 200): https://www.locaisdobrasil.com.br/encontre/bares/santo-andre-sp/o-beco-torto/660d1b12a3f2688d6da69107 | Ficha correspondente (HTTP 200): https://restaurantguru.com.br/O-Beco-Torto-Santo-Andre";"";"";"";"";"https://restaurantguru.com.br/O-Beco-Torto-Santo-Andre";"2026-10-05";"Confirmar operação/horários diretamente; conferir endereço, fotos e acesso antes de cadastrar."
"Tropical";"bares";"R. Bernardino de Campos, 26 - Centro, Santo André - SP, 09015-010";"Santo André";"2.829";"dom, seg, ter, qua, qui, sex, sáb: 06:00–20:00";"-23.653566599999998";"-46.5276074";"fonte secundária; funcionamento atual não confirmado";"";"https://www.locaisdobrasil.com.br/encontre/bares/santo-andre-sp/tropical/660c51ccd622f2b54116a28f";"Priorizar — perfil corroborado";"1";"Não";"Bar para conversa e bebidas";"Ficha no endereço correspondente apresenta bebidas/petiscos no contexto de bar. Perfil compatível inferido; público universitário e preço acessível não comprovados.";"Perfil descrito em ficha/avaliações secundárias; operação pendente";"Não verificado";"Não confirmada diretamente nesta pesquisa";"Confirmar operação/horários diretamente; conferir endereço, fotos e acesso antes de cadastrar.";"2026-10-05";"https://restaurantguru.com.br/Tropical-Santo-Andre";"Ficha correspondente (HTTP 200): https://www.locaisdobrasil.com.br/encontre/bares/santo-andre-sp/tropical/660c51ccd622f2b54116a28f | Ficha correspondente (HTTP 200): https://restaurantguru.com.br/Tropical-Santo-Andre";"";"";"";"";"https://restaurantguru.com.br/Tropical-Santo-Andre";"2026-10-05";"Confirmar operação/horários diretamente; conferir endereço, fotos e acesso antes de cadastrar."
"Bar da Tilápia";"bares";"Rua Visconde Taunay 90 Terminal Leste Tamanduateí 5 - Centro, Santo André - SP, 09210-570";"Santo André";"2.888";"dom, seg, ter, qua, qui, sex, sáb: 00:00–23:59";"-23.652601699999998";"-46.5273574";"fonte secundária; funcionamento atual não confirmado";"";"https://www.locaisdobrasil.com.br/encontre/bares/santo-andre-sp/bar-da-tilapia/660d1b20a3f2688d6da6910b";"Priorizar — perfil corroborado";"1";"Não";"Bar com música ao vivo";"Ficha no endereço correspondente apresenta música ao vivo. Perfil compatível inferido; público universitário e preço acessível não comprovados.";"Perfil descrito em ficha/avaliações secundárias; operação pendente";"Não verificado";"Não confirmada diretamente nesta pesquisa";"Confirmar operação/horários diretamente; conferir endereço, fotos e acesso antes de cadastrar.";"2026-10-05";"https://restaurantguru.com.br/Bar-da-Tilapia-Santo-Andre";"Ficha correspondente (HTTP 200): https://www.locaisdobrasil.com.br/encontre/bares/santo-andre-sp/bar-da-tilapia/660d1b20a3f2688d6da6910b | Ficha correspondente (HTTP 200): https://restaurantguru.com.br/Bar-da-Tilapia-Santo-Andre";"";"";"";"";"https://restaurantguru.com.br/Bar-da-Tilapia-Santo-Andre";"2026-10-05";"Confirmar operação/horários diretamente; conferir endereço, fotos e acesso antes de cadastrar."
"Carioca Bar";"bares";"Av. Guido Aliberti, 4811 - Mauá, São Caetano do Sul - SP, 09580-400";"São Caetano do Sul";"2.919";"sex, sáb: 18:00–04:00";"-23.646279900000003";"-46.577413";"fonte secundária; funcionamento atual não confirmado";"";"https://www.locaisdobrasil.com.br/encontre/bares/sao-caetano-do-sul-sp/carioca-bar/64d13ffbfe77cec8b0a0d204";"Priorizar — perfil corroborado";"1";"Não";"Bar com música ao vivo";"Ficha no endereço correspondente apresenta música ao vivo, bebidas/petiscos no contexto de bar. Perfil compatível inferido; público universitário e preço acessível não comprovados.";"Perfil descrito em ficha/avaliações secundárias; operação pendente";"Não verificado";"Não confirmada diretamente nesta pesquisa";"Confirmar operação/horários diretamente; conferir endereço, fotos e acesso antes de cadastrar.";"2026-10-05";"https://restaurantguru.com.br/Carioca-Bar-Sao-Caetano-do-Sul";"Ficha correspondente (HTTP 200): https://www.locaisdobrasil.com.br/encontre/bares/sao-caetano-do-sul-sp/carioca-bar/64d13ffbfe77cec8b0a0d204 | Ficha correspondente (HTTP 200): https://restaurantguru.com.br/Carioca-Bar-Sao-Caetano-do-Sul";"";"";"";"";"https://restaurantguru.com.br/Carioca-Bar-Sao-Caetano-do-Sul";"2026-10-05";"Confirmar operação/horários diretamente; conferir endereço, fotos e acesso antes de cadastrar."
"Bar Do Estevão";"bares";"R. Tamandaré, 148 - Nova Gerti, São Caetano do Sul - SP, 09580-040";"São Caetano do Sul";"3.047";"dom: 08:00–17:00; seg, ter, qua, qui, sex, sáb: 08:00–22:00";"-23.639823999999997";"-46.572394499999994";"fonte secundária; funcionamento atual não confirmado";"";"https://www.locaisdobrasil.com.br/encontre/bares/sao-caetano-do-sul-sp/bar-do-estevao/660f6f89a451b0ad1fb9c3d5";"Priorizar — perfil corroborado";"1";"Não";"Bar para conversa e bebidas";"Ficha no endereço correspondente apresenta bebidas/petiscos no contexto de bar. Perfil compatível inferido; público universitário e preço acessível não comprovados.";"Perfil descrito em ficha/avaliações secundárias; operação pendente";"Não verificado";"Não confirmada diretamente nesta pesquisa";"Confirmar operação/horários diretamente; conferir endereço, fotos e acesso antes de cadastrar.";"2026-10-05";"https://restaurantguru.com.br/Bar-Do-Estevao-Sao-Caetano-do-Sul";"Ficha correspondente (HTTP 200): https://www.locaisdobrasil.com.br/encontre/bares/sao-caetano-do-sul-sp/bar-do-estevao/660f6f89a451b0ad1fb9c3d5 | Ficha correspondente (HTTP 200): https://restaurantguru.com.br/Bar-Do-Estevao-Sao-Caetano-do-Sul";"";"";"";"";"https://restaurantguru.com.br/Bar-Do-Estevao-Sao-Caetano-do-Sul";"2026-10-05";"Confirmar operação/horários diretamente; conferir endereço, fotos e acesso antes de cadastrar."
"Bar da Codorna";"bares";"R. Dr. Manoel de Abreu, 462 - Olímpico, São Caetano do Sul - SP, 09570-360";"São Caetano do Sul";"3.13";"dom: 09:00–18:00; seg: 09:00–19:00; ter, qua, qui, sex: 09:00–22:00; sáb: 09:00–21:00";"-23.633902499999998";"-46.5603148";"fonte secundária; funcionamento atual não confirmado";"";"https://www.locaisdobrasil.com.br/encontre/bares/sao-caetano-do-sul-sp/bar-da-codorna/660f6f5fa451b0ad1fb9c3c0";"Priorizar — perfil corroborado";"1";"Não";"Bar para conversa e bebidas";"Ficha no endereço correspondente apresenta bebidas/petiscos no contexto de bar. Perfil compatível inferido; público universitário e preço acessível não comprovados.";"Perfil descrito em ficha/avaliações secundárias; operação pendente";"Não verificado";"Não confirmada diretamente nesta pesquisa";"Confirmar operação/horários diretamente; conferir endereço, fotos e acesso antes de cadastrar.";"2026-10-05";"https://restaurantguru.com.br/Bar-da-codorna-Sao-Caetano-do-Sul";"Ficha correspondente (HTTP 200): https://www.locaisdobrasil.com.br/encontre/bares/sao-caetano-do-sul-sp/bar-da-codorna/660f6f5fa451b0ad1fb9c3c0 | Ficha correspondente (HTTP 200): https://restaurantguru.com.br/Bar-da-codorna-Sao-Caetano-do-Sul";"";"";"";"";"https://restaurantguru.com.br/Bar-da-codorna-Sao-Caetano-do-Sul";"2026-10-05";"Confirmar operação/horários diretamente; conferir endereço, fotos e acesso antes de cadastrar."
"Bar Do Pancho";"bares";"R. Cel. Agenor de Camargo, 532 - Centro, Santo André - SP, 09020-220";"Santo André";"3.134";"dom, ter, qua: 17:30–00:00; qui, sex, sáb: 17:30–01:00";"-23.6659763";"-46.5236474";"fonte secundária; funcionamento atual não confirmado";"";"https://www.locaisdobrasil.com.br/encontre/bares/santo-andre-sp/bar-do-pancho/660d1ab1a3f2688d6da690eb";"Priorizar — perfil corroborado";"1";"Não";"Bar com música ao vivo";"Ficha no endereço correspondente apresenta música ao vivo, bebidas/petiscos no contexto de bar. Perfil compatível inferido; público universitário e preço acessível não comprovados.";"Perfil descrito em ficha/avaliações secundárias; operação pendente";"Não verificado";"Não confirmada diretamente nesta pesquisa";"Confirmar operação/horários diretamente; conferir endereço, fotos e acesso antes de cadastrar.";"2026-10-05";"https://restaurantguru.com.br/Bar-Do-Pancho-Santo-Andre";"Ficha correspondente (HTTP 200): https://www.locaisdobrasil.com.br/encontre/bares/santo-andre-sp/bar-do-pancho/660d1ab1a3f2688d6da690eb | Ficha correspondente (HTTP 200): https://restaurantguru.com.br/Bar-Do-Pancho-Santo-Andre";"";"";"";"";"https://restaurantguru.com.br/Bar-Do-Pancho-Santo-Andre";"2026-10-05";"Confirmar operação/horários diretamente; conferir endereço, fotos e acesso antes de cadastrar."
"Taberna Vieira";"bares";"Av. Getúlio Vargas, 1630 - Baeta Neves, São Bernardo do Campo - SP, 09751-251";"São Bernardo do Campo";"3.172";"seg, ter, qua, qui, sex: 14:00–00:00; sáb: 10:30–19:30";"-23.688062";"-46.5428";"fonte secundária; funcionamento atual não confirmado";"";"https://www.locaisdobrasil.com.br/encontre/bares/sao-bernardo-do-campo-sp/taberna-vieira/636e4642b46ef06da8425cc4";"Priorizar — perfil corroborado";"1";"Não";"Bar para conversa e bebidas";"Ficha no endereço correspondente apresenta bebidas/petiscos no contexto de bar. Perfil compatível inferido; público universitário e preço acessível não comprovados.";"Perfil descrito em ficha/avaliações secundárias; operação pendente";"Não verificado";"Não confirmada diretamente nesta pesquisa";"Confirmar operação/horários diretamente; conferir endereço, fotos e acesso antes de cadastrar.";"2026-10-05";"https://restaurantguru.com.br/Taberna-Vieira-Sao-Bernardo-do-Campo";"Ficha correspondente (HTTP 200): https://www.locaisdobrasil.com.br/encontre/bares/sao-bernardo-do-campo-sp/taberna-vieira/636e4642b46ef06da8425cc4 | Ficha correspondente (HTTP 200): https://restaurantguru.com.br/Taberna-Vieira-Sao-Bernardo-do-Campo";"";"";"";"";"https://restaurantguru.com.br/Taberna-Vieira-Sao-Bernardo-do-Campo";"2026-10-05";"Confirmar operação/horários diretamente; conferir endereço, fotos e acesso antes de cadastrar."
"Boteco 5 Esquinas";"bares";"R. Cel. Francisco Amaro, 1 - Centro, Santo André - SP, 09020-250";"Santo André";"3.188";"ter, qua, qui, sex, sáb: 11:00–22:00";"-23.6595609";"-46.5227849";"fonte secundária; funcionamento atual não confirmado";"";"https://www.locaisdobrasil.com.br/encontre/bares/santo-andre-sp/boteco-5-esquinas/660d1b02a3f2688d6da69102";"Priorizar — perfil corroborado";"1";"Não";"Bar com música ao vivo";"Ficha no endereço correspondente apresenta música ao vivo, bebidas/petiscos no contexto de bar. Perfil compatível inferido; público universitário e preço acessível não comprovados.";"Perfil descrito em ficha/avaliações secundárias; operação pendente";"Não verificado";"Não confirmada diretamente nesta pesquisa";"Confirmar operação/horários diretamente; conferir endereço, fotos e acesso antes de cadastrar.";"2026-10-05";"https://restaurantguru.com.br/Boteco-5-Esquinas-Santo-Andre";"Ficha correspondente (HTTP 200): https://www.locaisdobrasil.com.br/encontre/bares/santo-andre-sp/boteco-5-esquinas/660d1b02a3f2688d6da69102 | Ficha correspondente (HTTP 200): https://restaurantguru.com.br/Boteco-5-Esquinas-Santo-Andre";"";"";"";"";"https://restaurantguru.com.br/Boteco-5-Esquinas-Santo-Andre";"2026-10-05";"Confirmar operação/horários diretamente; conferir endereço, fotos e acesso antes de cadastrar."
"Retrô Pub";"bares";"Av. Índico, 958 - Centro, São Bernardo do Campo - SP, 09750-600";"São Bernardo do Campo";"3.326";"qua, qui: 18:00–01:00; sex, sáb: 18:00–02:00";"-23.6909235";"-46.559612099999995";"fonte secundária; funcionamento atual não confirmado";"";"https://www.locaisdobrasil.com.br/encontre/bares/sao-bernardo-do-campo-sp/retro-pub/660bbd2ed622f2b541167100";"Priorizar — perfil corroborado";"1";"Não";"Bar para resenha e jogos";"Ficha no endereço correspondente apresenta sinuca/bilhar, bebidas/petiscos no contexto de bar. Perfil compatível inferido; público universitário e preço acessível não comprovados.";"Perfil descrito em ficha/avaliações secundárias; operação pendente";"Não verificado";"Não confirmada diretamente nesta pesquisa";"Confirmar operação/horários diretamente; conferir endereço, fotos e acesso antes de cadastrar.";"2026-10-05";"https://restaurantguru.com.br/Retro-Pub-Sao-Bernardo-do-Campo";"Ficha correspondente (HTTP 200): https://www.locaisdobrasil.com.br/encontre/bares/sao-bernardo-do-campo-sp/retro-pub/660bbd2ed622f2b541167100 | Ficha correspondente (HTTP 200): https://restaurantguru.com.br/Retro-Pub-Sao-Bernardo-do-Campo";"";"";"";"";"https://restaurantguru.com.br/Retro-Pub-Sao-Bernardo-do-Campo";"2026-10-05";"Confirmar operação/horários diretamente; conferir endereço, fotos e acesso antes de cadastrar."
"Bar do Maia";"bares";"R. Cavalheiro Ernesto Giuliano, 136 - São José, São Caetano do Sul - SP, 09570-400";"São Caetano do Sul";"3.362";"dom: 11:00–17:30; seg, qua, qui, sex: 11:00–21:30; sáb: 11:00–19:30";"-23.6353786";"-46.57073640000001";"fonte secundária; funcionamento atual não confirmado";"";"https://www.locaisdobrasil.com.br/encontre/bares/sao-caetano-do-sul-sp/bar-do-maia/660f6f86a451b0ad1fb9c3d3";"Priorizar — perfil corroborado";"1";"Não";"Bar para conversa e bebidas";"Ficha no endereço correspondente apresenta bebidas/petiscos no contexto de bar. Perfil compatível inferido; público universitário e preço acessível não comprovados.";"Perfil descrito em ficha/avaliações secundárias; operação pendente";"Não verificado";"Não confirmada diretamente nesta pesquisa";"Confirmar operação/horários diretamente; conferir endereço, fotos e acesso antes de cadastrar.";"2026-10-05";"https://restaurantguru.com.br/Bar-Do-Maia-Sao-Caetano-do-Sul";"Ficha correspondente (HTTP 200): https://www.locaisdobrasil.com.br/encontre/bares/sao-caetano-do-sul-sp/bar-do-maia/660f6f86a451b0ad1fb9c3d3 | Ficha correspondente (HTTP 200): https://restaurantguru.com.br/Bar-Do-Maia-Sao-Caetano-do-Sul";"";"";"";"";"https://restaurantguru.com.br/Bar-Do-Maia-Sao-Caetano-do-Sul";"2026-10-05";"Confirmar operação/horários diretamente; conferir endereço, fotos e acesso antes de cadastrar."
"bar rock";"bares";"R. Javri, 443 - Vila Eldizia, Santo André - SP, 09181-510";"Santo André";"3.429";"Não localizado";"-23.6799097";"-46.5270491";"fonte secundária; funcionamento atual não confirmado";"";"https://www.locaisdobrasil.com.br/encontre/bares/santo-andre-sp/bar-rock/660d1b47a3f2688d6da69116";"Priorizar — perfil corroborado";"1";"Não";"Bar com música ao vivo";"Ficha no endereço correspondente apresenta música ao vivo. Perfil compatível inferido; público universitário e preço acessível não comprovados.";"Perfil descrito em ficha/avaliações secundárias; operação pendente";"Não verificado";"Não confirmada diretamente nesta pesquisa";"Confirmar operação/horários diretamente; conferir endereço, fotos e acesso antes de cadastrar.";"2026-10-05";"https://restaurantguru.com.br/Pe-na-Cova-Rock-Bar-Santo-Andre";"Ficha correspondente (HTTP 200): https://www.locaisdobrasil.com.br/encontre/bares/santo-andre-sp/bar-rock/660d1b47a3f2688d6da69116 | Ficha correspondente (HTTP 200): https://restaurantguru.com.br/Pe-na-Cova-Rock-Bar-Santo-Andre";"";"";"";"";"https://restaurantguru.com.br/Pe-na-Cova-Rock-Bar-Santo-Andre";"2026-10-05";"Confirmar operação/horários diretamente; conferir endereço, fotos e acesso antes de cadastrar."
"Birras Bar e Lanches";"bares";"Av. Getúlio Vargas, 887 - Baeta Neves, São Bernardo do Campo - SP, 09751-250";"São Bernardo do Campo";"3.563";"seg, ter, qua, qui, sex: 08:00–18:00";"-23.6924158";"-46.545020099999995";"fonte secundária; funcionamento atual não confirmado";"";"https://www.locaisdobrasil.com.br/encontre/bares/sao-bernardo-do-campo-sp/birras-bar-e-lanches/66c7a83af99178ff57474375";"Priorizar — perfil corroborado";"1";"Não";"Bar para conversa e bebidas";"Ficha no endereço correspondente apresenta bebidas/petiscos no contexto de bar. Perfil compatível inferido; público universitário e preço acessível não comprovados.";"Perfil descrito em ficha/avaliações secundárias; operação pendente";"Não verificado";"Não confirmada diretamente nesta pesquisa";"Confirmar operação/horários diretamente; conferir endereço, fotos e acesso antes de cadastrar.";"2026-10-05";"https://restaurantguru.com.br/Birras-Bar-e-Lanches-Sao-Bernardo-do-Campo";"Ficha correspondente (HTTP 200): https://www.locaisdobrasil.com.br/encontre/bares/sao-bernardo-do-campo-sp/birras-bar-e-lanches/66c7a83af99178ff57474375 | Ficha correspondente (HTTP 200): https://restaurantguru.com.br/Birras-Bar-e-Lanches-Sao-Bernardo-do-Campo";"";"";"";"";"https://restaurantguru.com.br/Birras-Bar-e-Lanches-Sao-Bernardo-do-Campo";"2026-10-05";"Confirmar operação/horários diretamente; conferir endereço, fotos e acesso antes de cadastrar."
"Farias Bar";"bares";"Alameda Marques de Barbacena, 84 - Santa Teresinha, Santo André - SP, 09210-510";"Santo André";"3.571";"Não localizado";"-23.6366208";"-46.531791299999995";"fonte secundária; funcionamento atual não confirmado";"";"https://www.locaisdobrasil.com.br/encontre/bares/santo-andre-sp/farias-bar/660d1b34a3f2688d6da69111";"Priorizar — perfil corroborado";"1";"Não";"Bar para conversa e bebidas";"Ficha no endereço correspondente apresenta bebidas/petiscos no contexto de bar. Perfil compatível inferido; público universitário e preço acessível não comprovados.";"Perfil descrito em ficha/avaliações secundárias; operação pendente";"Não verificado";"Não confirmada diretamente nesta pesquisa";"Confirmar operação/horários diretamente; conferir endereço, fotos e acesso antes de cadastrar.";"2026-10-05";"https://restaurantguru.com.br/Farias-Bar-Santo-Andre";"Ficha correspondente (HTTP 200): https://www.locaisdobrasil.com.br/encontre/bares/santo-andre-sp/farias-bar/660d1b34a3f2688d6da69111 | Ficha correspondente (HTTP 200): https://restaurantguru.com.br/Farias-Bar-Santo-Andre";"";"";"";"";"https://restaurantguru.com.br/Farias-Bar-Santo-Andre";"2026-10-05";"Confirmar operação/horários diretamente; conferir endereço, fotos e acesso antes de cadastrar."
"BOTECO BARCELONA";"bares";"R. Joana Angélica, 695 - Barcelona, São Caetano do Sul - SP, 09551-050";"São Caetano do Sul";"3.644";"Não localizado";"-23.6287023";"-46.5527077";"fonte secundária; funcionamento atual não confirmado";"";"https://www.locaisdobrasil.com.br/encontre/bares/sao-caetano-do-sul-sp/boteco-barcelona/660f6f99a451b0ad1fb9c3dd";"Priorizar — perfil corroborado";"1";"Não";"Bar para conversa e bebidas";"Ficha no endereço correspondente apresenta bebidas/petiscos no contexto de bar. Perfil compatível inferido; público universitário e preço acessível não comprovados.";"Perfil descrito em ficha/avaliações secundárias; operação pendente";"Não verificado";"Não confirmada diretamente nesta pesquisa";"Confirmar operação/horários diretamente; conferir endereço, fotos e acesso antes de cadastrar.";"2026-10-05";"https://restaurantguru.com.br/BOTECO-BARCELONA-Sao-Caetano-do-Sul";"Ficha correspondente (HTTP 200): https://www.locaisdobrasil.com.br/encontre/bares/sao-caetano-do-sul-sp/boteco-barcelona/660f6f99a451b0ad1fb9c3dd | Ficha correspondente (HTTP 200): https://restaurantguru.com.br/BOTECO-BARCELONA-Sao-Caetano-do-Sul";"";"";"";"";"https://restaurantguru.com.br/BOTECO-BARCELONA-Sao-Caetano-do-Sul";"2026-10-05";"Confirmar operação/horários diretamente; conferir endereço, fotos e acesso antes de cadastrar."
"Bar do Raul";"bares";"R. Marcelino Dantas, 62 - Vila Alzira, Santo André - SP, 09195-350";"Santo André";"3.727";"dom: 09:00–17:00; seg, ter, qua, qui, sex: 09:00–21:00; sáb: 09:00–20:00";"-23.667961299999998";"-46.518121799999996";"fonte secundária; funcionamento atual não confirmado";"";"https://www.locaisdobrasil.com.br/encontre/bares/santo-andre-sp/bar-do-raul/636e4cfdb46ef06da842628b";"Priorizar — perfil corroborado";"1";"Não";"Bar para conversa e bebidas";"Ficha no endereço correspondente apresenta bebidas/petiscos no contexto de bar. Perfil compatível inferido; público universitário e preço acessível não comprovados.";"Perfil descrito em ficha/avaliações secundárias; operação pendente";"Não verificado";"Não confirmada diretamente nesta pesquisa";"Confirmar operação/horários diretamente; conferir endereço, fotos e acesso antes de cadastrar.";"2026-10-05";"https://restaurantguru.com.br/Bar-do-Raul-Santo-Andre";"Ficha correspondente (HTTP 200): https://www.locaisdobrasil.com.br/encontre/bares/santo-andre-sp/bar-do-raul/636e4cfdb46ef06da842628b | Ficha correspondente (HTTP 200): https://restaurantguru.com.br/Bar-do-Raul-Santo-Andre";"";"";"";"";"https://restaurantguru.com.br/Bar-do-Raul-Santo-Andre";"2026-10-05";"Confirmar operação/horários diretamente; conferir endereço, fotos e acesso antes de cadastrar."
"Buteko Zé do Brejo";"bares";"Av. Vital Brasil Filho, 701 - Olímpico, São Caetano do Sul - SP, 09541-130";"São Caetano do Sul";"3.818";"ter, qua, qui, sex: 12:00–22:00; sáb: 12:00–19:00";"-23.628331499999998";"-46.5639238";"fonte secundária; funcionamento atual não confirmado";"";"https://www.locaisdobrasil.com.br/encontre/bares/sao-caetano-do-sul-sp/buteko-ze-do-brejo/660c05c2d622f2b5411689f6";"Priorizar — perfil corroborado";"1";"Não";"Bar para conversa e bebidas";"Ficha no endereço correspondente apresenta bebidas/petiscos no contexto de bar. Perfil compatível inferido; público universitário e preço acessível não comprovados.";"Perfil descrito em ficha/avaliações secundárias; operação pendente";"Não verificado";"Não confirmada diretamente nesta pesquisa";"Confirmar operação/horários diretamente; conferir endereço, fotos e acesso antes de cadastrar.";"2026-10-05";"https://restaurantguru.com.br/Buteko-Ze-do-Brejo-Sao-Caetano-do-Sul";"Ficha correspondente (HTTP 200): https://www.locaisdobrasil.com.br/encontre/bares/sao-caetano-do-sul-sp/buteko-ze-do-brejo/660c05c2d622f2b5411689f6 | Ficha correspondente (HTTP 200): https://restaurantguru.com.br/Buteko-Ze-do-Brejo-Sao-Caetano-do-Sul";"";"";"";"";"https://restaurantguru.com.br/Buteko-Ze-do-Brejo-Sao-Caetano-do-Sul";"2026-10-05";"Confirmar operação/horários diretamente; conferir endereço, fotos e acesso antes de cadastrar."
"Bar do Japa";"bares";"R. Juquiá, 1408 - Vila Eldizia, Santo André - SP, 09181-720";"Santo André";"3.879";"dom: 08:30–16:00; seg, ter, qua, qui: 13:00–22:00; sex, sáb: 13:00–23:00";"-23.6822067";"-46.523403900000005";"fonte secundária; funcionamento atual não confirmado";"";"https://www.locaisdobrasil.com.br/encontre/bares/santo-andre-sp/bar-do-japa/660d1b1da3f2688d6da6910a";"Priorizar — perfil corroborado";"1";"Não";"Bar/karaokê";"Ficha no endereço correspondente apresenta karaokê, sinuca/bilhar, bebidas/petiscos no contexto de bar. Perfil compatível inferido; público universitário e preço acessível não comprovados.";"Perfil descrito em ficha/avaliações secundárias; operação pendente";"Não verificado";"Não confirmada diretamente nesta pesquisa";"Confirmar operação/horários diretamente; conferir endereço, fotos e acesso antes de cadastrar.";"2026-10-05";"https://restaurantguru.com.br/Bar-do-japa-Santo-Andre";"Ficha correspondente (HTTP 200): https://www.locaisdobrasil.com.br/encontre/bares/santo-andre-sp/bar-do-japa/660d1b1da3f2688d6da6910a | Ficha correspondente (HTTP 200): https://restaurantguru.com.br/Bar-do-japa-Santo-Andre";"";"";"";"";"https://restaurantguru.com.br/Bar-do-japa-Santo-Andre";"2026-10-05";"Confirmar operação/horários diretamente; conferir endereço, fotos e acesso antes de cadastrar."
"Bar e restaurante da preta";"bares";"Av. Pres. Juscelino, 1319 - Piraporinha, Diadema - SP, 09950-785";"Diadema";"3.928";"dom, seg, ter, qua, qui, sex, sáb: 08:00–23:00";"-23.682288";"-46.5851657";"fonte secundária; funcionamento atual não confirmado";"";"https://www.locaisdobrasil.com.br/encontre/bares/diadema-sp/bar-e-restaurante-da-preta/660c3b5dd622f2b541169b73";"Priorizar — perfil corroborado";"1";"Não";"Bar para conversa e bebidas";"Ficha no endereço correspondente apresenta bebidas/petiscos no contexto de bar. Perfil compatível inferido; público universitário e preço acessível não comprovados.";"Perfil descrito em ficha/avaliações secundárias; operação pendente";"Não verificado";"Não confirmada diretamente nesta pesquisa";"Confirmar operação/horários diretamente; conferir endereço, fotos e acesso antes de cadastrar.";"2026-10-05";"https://restaurantguru.com.br/Bar-e-restaurante-da-preta-Diadema";"Ficha correspondente (HTTP 200): https://www.locaisdobrasil.com.br/encontre/bares/diadema-sp/bar-e-restaurante-da-preta/660c3b5dd622f2b541169b73 | Ficha correspondente (HTTP 200): https://restaurantguru.com.br/Bar-e-restaurante-da-preta-Diadema";"";"";"";"";"https://restaurantguru.com.br/Bar-e-restaurante-da-preta-Diadema";"2026-10-05";"Confirmar operação/horários diretamente; conferir endereço, fotos e acesso antes de cadastrar."
"Boteco da Marcinha";"bares";"R. Japão, 209 - Parque das Nações, Santo André - SP, 09240-170";"Santo André";"3.938";"dom: 13:00–20:00; seg, ter, qua, qui, sex: 15:00–23:00; sáb: 12:30–23:00";"-23.6365269";"-46.5265576";"fonte secundária; funcionamento atual não confirmado";"";"https://www.locaisdobrasil.com.br/encontre/bares/santo-andre-sp/boteco-da-marcinha/660d1b23a3f2688d6da6910c";"Priorizar — perfil corroborado";"1";"Não";"Bar para conversa e bebidas";"Ficha no endereço correspondente apresenta bebidas/petiscos no contexto de bar. Perfil compatível inferido; público universitário e preço acessível não comprovados.";"Perfil descrito em ficha/avaliações secundárias; operação pendente";"Não verificado";"Não confirmada diretamente nesta pesquisa";"Confirmar operação/horários diretamente; conferir endereço, fotos e acesso antes de cadastrar.";"2026-10-05";"https://restaurantguru.com.br/Boteco-Da-Marcinha-Santo-Andre";"Ficha correspondente (HTTP 200): https://www.locaisdobrasil.com.br/encontre/bares/santo-andre-sp/boteco-da-marcinha/660d1b23a3f2688d6da6910c | Ficha correspondente (HTTP 200): https://restaurantguru.com.br/Boteco-Da-Marcinha-Santo-Andre";"";"";"";"";"https://restaurantguru.com.br/Boteco-Da-Marcinha-Santo-Andre";"2026-10-05";"Confirmar operação/horários diretamente; conferir endereço, fotos e acesso antes de cadastrar."
"Sirigas Bar";"bares";"R. Joana Angélica, 151 - Barcelona, São Caetano do Sul - SP, 09551-050";"São Caetano do Sul";"3.988";"seg, ter, qua, qui, sex, sáb: 17:00–23:00";"-23.6259774";"-46.5482436";"fonte secundária; funcionamento atual não confirmado";"";"https://www.locaisdobrasil.com.br/encontre/bares/sao-caetano-do-sul-sp/sirigas-bar/660f6f70a451b0ad1fb9c3c8";"Priorizar — perfil corroborado";"1";"Não";"Bar para conversa e bebidas";"Ficha no endereço correspondente apresenta bebidas/petiscos no contexto de bar. Perfil compatível inferido; público universitário e preço acessível não comprovados.";"Perfil descrito em ficha/avaliações secundárias; operação pendente";"Não verificado";"Não confirmada diretamente nesta pesquisa";"Confirmar operação/horários diretamente; conferir endereço, fotos e acesso antes de cadastrar.";"2026-10-05";"https://restaurantguru.com.br/Siriguela-Sao-Caetano-do-Sul";"Ficha correspondente (HTTP 200): https://www.locaisdobrasil.com.br/encontre/bares/sao-caetano-do-sul-sp/sirigas-bar/660f6f70a451b0ad1fb9c3c8 | Ficha correspondente (HTTP 200): https://restaurantguru.com.br/Siriguela-Sao-Caetano-do-Sul";"";"";"";"";"https://restaurantguru.com.br/Siriguela-Sao-Caetano-do-Sul";"2026-10-05";"Confirmar operação/horários diretamente; conferir endereço, fotos e acesso antes de cadastrar."
"QG Lounge Bar";"bares";"R. Joana Angélica, 85 - Santa Paula, São Caetano do Sul - SP, 09551-050";"São Caetano do Sul";"4.02";"dom, sáb: 15:00–23:00; seg, ter, qua, qui, sex: 17:00–23:00";"-23.6257397";"-46.547841999999996";"fonte secundária; funcionamento atual não confirmado";"";"https://www.locaisdobrasil.com.br/encontre/bares/sao-caetano-do-sul-sp/qg-lounge-bar/660f6f81a451b0ad1fb9c3d1";"Priorizar — perfil corroborado";"1";"Não";"Bar para conversa e bebidas";"Ficha no endereço correspondente apresenta bebidas/petiscos no contexto de bar. Perfil compatível inferido; público universitário e preço acessível não comprovados.";"Perfil descrito em ficha/avaliações secundárias; operação pendente";"Não verificado";"Não confirmada diretamente nesta pesquisa";"Confirmar operação/horários diretamente; conferir endereço, fotos e acesso antes de cadastrar.";"2026-10-05";"https://restaurantguru.com.br/QG-Lounge-Bar-Sao-Caetano-do-Sul";"Ficha correspondente (HTTP 200): https://www.locaisdobrasil.com.br/encontre/bares/sao-caetano-do-sul-sp/qg-lounge-bar/660f6f81a451b0ad1fb9c3d1 | Ficha correspondente (HTTP 200): https://restaurantguru.com.br/QG-Lounge-Bar-Sao-Caetano-do-Sul";"";"";"";"";"https://restaurantguru.com.br/QG-Lounge-Bar-Sao-Caetano-do-Sul";"2026-10-05";"Confirmar operação/horários diretamente; conferir endereço, fotos e acesso antes de cadastrar."
"Skina Bar";"bares";"R. Américo Guazeli, 195 - Silveira, Santo André - SP, 09195-400";"Santo André";"4.037";"dom, sáb: 09:00–20:00; ter, qua, qui, sex: 09:00–23:00";"-23.671008699999998";"-46.5157824";"fonte secundária; funcionamento atual não confirmado";"";"https://www.locaisdobrasil.com.br/encontre/bares/santo-andre-sp/skina-bar/636e4c78b46ef06da8426219";"Priorizar — perfil corroborado";"1";"Não";"Bar com música ao vivo";"Ficha no endereço correspondente apresenta música ao vivo, bebidas/petiscos no contexto de bar. Perfil compatível inferido; público universitário e preço acessível não comprovados.";"Perfil descrito em ficha/avaliações secundárias; operação pendente";"Não verificado";"Não confirmada diretamente nesta pesquisa";"Confirmar operação/horários diretamente; conferir endereço, fotos e acesso antes de cadastrar.";"2026-10-05";"https://restaurantguru.com.br/Skina-Bar-Santo-Andre";"Ficha correspondente (HTTP 200): https://www.locaisdobrasil.com.br/encontre/bares/santo-andre-sp/skina-bar/636e4c78b46ef06da8426219 | Ficha correspondente (HTTP 200): https://restaurantguru.com.br/Skina-Bar-Santo-Andre";"";"";"";"";"https://restaurantguru.com.br/Skina-Bar-Santo-Andre";"2026-10-05";"Confirmar operação/horários diretamente; conferir endereço, fotos e acesso antes de cadastrar."
"Bar e Mercearia Arujá";"bares";"R. Arujá, 593 - Vila Curuçá, Santo André - SP, 09291-250";"Santo André";"4.127";"dom, seg, ter, qua, qui, sex: 07:00–21:00; sáb: 07:00–20:00";"-23.6435598";"-46.518518";"fonte secundária; funcionamento atual não confirmado";"";"https://www.locaisdobrasil.com.br/encontre/bares/santo-andre-sp/bar-e-mercearia-aruja/68b4c1bf2648b322fc607c3d";"Priorizar — perfil corroborado";"1";"Não";"Bar/karaokê";"Ficha no endereço correspondente apresenta karaokê, bebidas/petiscos no contexto de bar. Perfil compatível inferido; público universitário e preço acessível não comprovados.";"Perfil descrito em ficha/avaliações secundárias; operação pendente";"Não verificado";"Não confirmada diretamente nesta pesquisa";"Confirmar operação/horários diretamente; conferir endereço, fotos e acesso antes de cadastrar.";"2026-10-05";"https://restaurantguru.com.br/Bar-e-Mercearia-Aruja-Santo-Andre";"Ficha correspondente (HTTP 200): https://www.locaisdobrasil.com.br/encontre/bares/santo-andre-sp/bar-e-mercearia-aruja/68b4c1bf2648b322fc607c3d | Ficha correspondente (HTTP 200): https://restaurantguru.com.br/Bar-e-Mercearia-Aruja-Santo-Andre";"";"";"";"";"https://restaurantguru.com.br/Bar-e-Mercearia-Aruja-Santo-Andre";"2026-10-05";"Confirmar operação/horários diretamente; conferir endereço, fotos e acesso antes de cadastrar."
"Bar do Lindão";"bares";"Av. Lemos Monteiro, 534 - Olímpico, São Caetano do Sul - SP, 09540-500";"São Caetano do Sul";"4.128";"Não localizado";"-23.6245886";"-46.558841199999996";"fonte secundária; funcionamento atual não confirmado";"";"https://www.locaisdobrasil.com.br/encontre/bares/sao-caetano-do-sul-sp/bar-do-lindao/660f6fafa451b0ad1fb9c3e8";"Priorizar — perfil corroborado";"1";"Não";"Bar para conversa e bebidas";"Ficha no endereço correspondente apresenta bebidas/petiscos no contexto de bar. Perfil compatível inferido; público universitário e preço acessível não comprovados.";"Perfil descrito em ficha/avaliações secundárias; operação pendente";"Não verificado";"Não confirmada diretamente nesta pesquisa";"Confirmar operação/horários diretamente; conferir endereço, fotos e acesso antes de cadastrar.";"2026-10-05";"https://restaurantguru.com.br/Bar-do-Lindao-Sao-Caetano-do-Sul";"Ficha correspondente (HTTP 200): https://www.locaisdobrasil.com.br/encontre/bares/sao-caetano-do-sul-sp/bar-do-lindao/660f6fafa451b0ad1fb9c3e8 | Ficha correspondente (HTTP 200): https://restaurantguru.com.br/Bar-do-Lindao-Sao-Caetano-do-Sul";"";"";"";"";"https://restaurantguru.com.br/Bar-do-Lindao-Sao-Caetano-do-Sul";"2026-10-05";"Confirmar operação/horários diretamente; conferir endereço, fotos e acesso antes de cadastrar."
"Lounge Bar";"bares";"Av. Pres. Kennedy, 1292 - Santa Paula, São Caetano do Sul - SP, 09560-010";"São Caetano do Sul";"4.282";"dom, qui: 17:00–00:00; ter, qua: 17:00–23:00; sex, sáb: 17:00–02:00";"-23.6230762";"-46.5575486";"fonte secundária; funcionamento atual não confirmado";"";"https://www.locaisdobrasil.com.br/encontre/bares/sao-caetano-do-sul-sp/lounge-bar/660cedf4a3f2688d6da68397";"Priorizar — perfil corroborado";"1";"Não";"Bar com música ao vivo";"Ficha no endereço correspondente apresenta música ao vivo, bebidas/petiscos no contexto de bar. Perfil compatível inferido; público universitário e preço acessível não comprovados.";"Perfil descrito em ficha/avaliações secundárias; operação pendente";"Não verificado";"Não confirmada diretamente nesta pesquisa";"Confirmar operação/horários diretamente; conferir endereço, fotos e acesso antes de cadastrar.";"2026-10-05";"https://restaurantguru.com.br/Lounge-Bar-Sao-Caetano-do-Sul";"Ficha correspondente (HTTP 200): https://www.locaisdobrasil.com.br/encontre/bares/sao-caetano-do-sul-sp/lounge-bar/660cedf4a3f2688d6da68397 | Ficha correspondente (HTTP 200): https://restaurantguru.com.br/Lounge-Bar-Sao-Caetano-do-Sul";"";"";"";"";"https://restaurantguru.com.br/Lounge-Bar-Sao-Caetano-do-Sul";"2026-10-05";"Confirmar operação/horários diretamente; conferir endereço, fotos e acesso antes de cadastrar."
"Bar Ale Motos";"bares";"Conj. 09895-540, Rua Cincinato Braga, 672 - Planalto, São Bernardo do Campo - SP, 09890-300";"São Bernardo do Campo";"4.316";"dom, sex, sáb: 14:00–22:00; ter, qua, qui: 18:00–00:00";"-23.6975856";"-46.5694844";"fonte secundária; funcionamento atual não confirmado";"";"https://www.locaisdobrasil.com.br/encontre/bares/sao-bernardo-do-campo-sp/bar-ale-motos/660b732ad622f2b54116516d";"Priorizar — perfil corroborado";"1";"Não";"Bar com música ao vivo";"Ficha no endereço correspondente apresenta música ao vivo, sinuca/bilhar. Perfil compatível inferido; público universitário e preço acessível não comprovados.";"Perfil descrito em ficha/avaliações secundárias; operação pendente";"Não verificado";"Não confirmada diretamente nesta pesquisa";"Confirmar operação/horários diretamente; conferir endereço, fotos e acesso antes de cadastrar.";"2026-10-05";"https://restaurantguru.com.br/Bar-Ale-Motos-Sao-Bernardo-do-Campo";"Ficha correspondente (HTTP 200): https://www.locaisdobrasil.com.br/encontre/bares/sao-bernardo-do-campo-sp/bar-ale-motos/660b732ad622f2b54116516d | Ficha correspondente (HTTP 200): https://restaurantguru.com.br/Bar-Ale-Motos-Sao-Bernardo-do-Campo";"";"";"";"";"https://restaurantguru.com.br/Bar-Ale-Motos-Sao-Bernardo-do-Campo";"2026-10-05";"Confirmar operação/horários diretamente; conferir endereço, fotos e acesso antes de cadastrar."
"Boteco 4 Praças";"bares";"R. Haia, 100-194 - Vila Metalurgica, Santo André - SP, 09220-060";"Santo André";"4.398";"dom, sáb: 11:00–20:00; ter, qua, qui: 15:00–23:00; sex: 11:00–00:00";"-23.6266803";"-46.533447599999995";"fonte secundária; funcionamento atual não confirmado";"";"https://www.locaisdobrasil.com.br/encontre/bares/santo-andre-sp/boteco-4-pracas/660d1aaea3f2688d6da690ea";"Priorizar — perfil corroborado";"1";"Não";"Bar para conversa e bebidas";"Ficha no endereço correspondente apresenta bebidas/petiscos no contexto de bar. Perfil compatível inferido; público universitário e preço acessível não comprovados.";"Perfil descrito em ficha/avaliações secundárias; operação pendente";"Não verificado";"Não confirmada diretamente nesta pesquisa";"Confirmar operação/horários diretamente; conferir endereço, fotos e acesso antes de cadastrar.";"2026-10-05";"https://restaurantguru.com.br/Boteco-4-Pracas-Santo-Andre";"Ficha correspondente (HTTP 200): https://www.locaisdobrasil.com.br/encontre/bares/santo-andre-sp/boteco-4-pracas/660d1aaea3f2688d6da690ea | Ficha correspondente (HTTP 200): https://restaurantguru.com.br/Boteco-4-Pracas-Santo-Andre";"";"";"";"";"https://restaurantguru.com.br/Boteco-4-Pracas-Santo-Andre";"2026-10-05";"Confirmar operação/horários diretamente; conferir endereço, fotos e acesso antes de cadastrar."
"Bar do Paraná";"bares";"Rua Max Mangels Senior, 458 - Planalto, São Bernardo do Campo - SP, 09895-510";"São Bernardo do Campo";"4.483";"dom: 10:00–16:00; seg, ter, qua, qui, sex, sáb: 11:00–22:00";"-23.6990916";"-46.569792199999995";"fonte secundária; funcionamento atual não confirmado";"";"https://www.locaisdobrasil.com.br/encontre/bares/sao-bernardo-do-campo-sp/bar-do-parana/634efb21bd08cbb564412f3c";"Priorizar — perfil corroborado";"1";"Não";"Bar para resenha e jogos";"Ficha no endereço correspondente apresenta sinuca/bilhar. Perfil compatível inferido; público universitário e preço acessível não comprovados.";"Perfil descrito em ficha/avaliações secundárias; operação pendente";"Não verificado";"Não confirmada diretamente nesta pesquisa";"Confirmar operação/horários diretamente; conferir endereço, fotos e acesso antes de cadastrar.";"2026-10-05";"https://restaurantguru.com.br/Parana-Bar-Sao-Bernardo-do-Campo";"Ficha correspondente (HTTP 200): https://www.locaisdobrasil.com.br/encontre/bares/sao-bernardo-do-campo-sp/bar-do-parana/634efb21bd08cbb564412f3c | Ficha correspondente (HTTP 200): https://restaurantguru.com.br/Parana-Bar-Sao-Bernardo-do-Campo";"";"";"";"";"https://restaurantguru.com.br/Parana-Bar-Sao-Bernardo-do-Campo";"2026-10-05";"Confirmar operação/horários diretamente; conferir endereço, fotos e acesso antes de cadastrar."
"Bar do 21";"bares";"Rua José Benedetti, 654 - Santo Antônio, São Caetano do Sul - SP, 09531-000";"São Caetano do Sul";"4.486";"Não localizado";"-23.6240181";"-46.5704436";"fonte secundária; funcionamento atual não confirmado";"";"https://www.locaisdobrasil.com.br/encontre/bares/sao-caetano-do-sul-sp/bar-do-21/660f6f7ca451b0ad1fb9c3ce";"Priorizar — perfil corroborado";"1";"Não";"Bar para resenha e jogos";"Ficha no endereço correspondente apresenta sinuca/bilhar. Perfil compatível inferido; público universitário e preço acessível não comprovados.";"Perfil descrito em ficha/avaliações secundárias; operação pendente";"Não verificado";"Não confirmada diretamente nesta pesquisa";"Confirmar operação/horários diretamente; conferir endereço, fotos e acesso antes de cadastrar.";"2026-10-05";"https://restaurantguru.com.br/Bar-do-21-Sao-Caetano-do-Sul";"Ficha correspondente (HTTP 200): https://www.locaisdobrasil.com.br/encontre/bares/sao-caetano-do-sul-sp/bar-do-21/660f6f7ca451b0ad1fb9c3ce | Ficha correspondente (HTTP 200): https://restaurantguru.com.br/Bar-do-21-Sao-Caetano-do-Sul";"";"";"";"";"https://restaurantguru.com.br/Bar-do-21-Sao-Caetano-do-Sul";"2026-10-05";"Confirmar operação/horários diretamente; conferir endereço, fotos e acesso antes de cadastrar."
"Bar do Chico";"bares";"R. Maranhão, 1527 - Santa Paula, São Caetano do Sul - SP, 09560-050";"São Caetano do Sul";"4.53";"dom: 08:00–15:00; seg, ter, qua, qui: 08:00–20:00; sex: 08:00–21:00; sáb: 08:00–19:00";"-23.620892800000004";"-46.558216699999996";"fonte secundária; funcionamento atual não confirmado";"";"https://www.locaisdobrasil.com.br/encontre/bares/sao-caetano-do-sul-sp/bar-do-chico/660f6f7aa451b0ad1fb9c3cd";"Priorizar — perfil corroborado";"1";"Não";"Bar para conversa e bebidas";"Ficha no endereço correspondente apresenta bebidas/petiscos no contexto de bar. Perfil compatível inferido; público universitário e preço acessível não comprovados.";"Perfil descrito em ficha/avaliações secundárias; operação pendente";"Não verificado";"Não confirmada diretamente nesta pesquisa";"Confirmar operação/horários diretamente; conferir endereço, fotos e acesso antes de cadastrar.";"2026-10-05";"https://restaurantguru.com.br/Bar-Do-Chico-Sao-Caetano-do-Sul";"Ficha correspondente (HTTP 200): https://www.locaisdobrasil.com.br/encontre/bares/sao-caetano-do-sul-sp/bar-do-chico/660f6f7aa451b0ad1fb9c3cd | Ficha correspondente (HTTP 200): https://restaurantguru.com.br/Bar-Do-Chico-Sao-Caetano-do-Sul";"";"";"";"";"https://restaurantguru.com.br/Bar-Do-Chico-Sao-Caetano-do-Sul";"2026-10-05";"Confirmar operação/horários diretamente; conferir endereço, fotos e acesso antes de cadastrar."
"Carrapateiras";"bares";"R. Amazonas, 1353 - Oswaldo Cruz, São Caetano do Sul - SP, 09540-202";"São Caetano do Sul";"4.566";"seg, ter, qua, qui, sex, sáb: 08:00–23:00";"-23.622868";"-46.569352200000004";"fonte secundária; funcionamento atual não confirmado";"";"https://www.locaisdobrasil.com.br/encontre/bares/sao-caetano-do-sul-sp/carrapateiras/660f6ec7a451b0ad1fb9c372";"Priorizar — perfil corroborado";"1";"Não";"Bar para conversa e bebidas";"Ficha no endereço correspondente apresenta bebidas/petiscos no contexto de bar. Perfil compatível inferido; público universitário e preço acessível não comprovados.";"Perfil descrito em ficha/avaliações secundárias; operação pendente";"Não verificado";"Não confirmada diretamente nesta pesquisa";"Confirmar operação/horários diretamente; conferir endereço, fotos e acesso antes de cadastrar.";"2026-10-05";"https://restaurantguru.com.br/Carrapateiras-Sao-Caetano-do-Sul";"Ficha correspondente (HTTP 200): https://www.locaisdobrasil.com.br/encontre/bares/sao-caetano-do-sul-sp/carrapateiras/660f6ec7a451b0ad1fb9c372 | Ficha correspondente (HTTP 200): https://restaurantguru.com.br/Carrapateiras-Sao-Caetano-do-Sul";"";"";"";"";"https://restaurantguru.com.br/Carrapateiras-Sao-Caetano-do-Sul";"2026-10-05";"Confirmar operação/horários diretamente; conferir endereço, fotos e acesso antes de cadastrar."
"Bar do Chico";"bares";"Av. Doná Ida Cerati Magrini, 746 - Piraporinha, Diadema - SP, 09951-260";"Diadema";"4.592";"seg, ter, qua, qui, sex, sáb: 08:00–23:00";"-23.686130499999997";"-46.5901784";"fonte secundária; funcionamento atual não confirmado";"";"https://www.locaisdobrasil.com.br/encontre/bares/diadema-sp/bar-do-chico/634ef542bd08cbb564412ae2";"Priorizar — perfil corroborado";"1";"Não";"Bar para conversa e bebidas";"Ficha no endereço correspondente apresenta bebidas/petiscos no contexto de bar. Perfil compatível inferido; público universitário e preço acessível não comprovados.";"Perfil descrito em ficha/avaliações secundárias; operação pendente";"Não verificado";"Não confirmada diretamente nesta pesquisa";"Confirmar operação/horários diretamente; conferir endereço, fotos e acesso antes de cadastrar.";"2026-10-05";"https://restaurantguru.com.br/Bar-do-Chico-Diadema";"Ficha correspondente (HTTP 200): https://www.locaisdobrasil.com.br/encontre/bares/diadema-sp/bar-do-chico/634ef542bd08cbb564412ae2 | Ficha correspondente (HTTP 200): https://restaurantguru.com.br/Bar-do-Chico-Diadema";"";"";"";"";"https://restaurantguru.com.br/Bar-do-Chico-Diadema";"2026-10-05";"Confirmar operação/horários diretamente; conferir endereço, fotos e acesso antes de cadastrar."
"Bar Do Deda";"bares";"Av. Imperador Pedro II, 166 - Nova Petrópolis, São Bernardo do Campo - SP, 09770-420";"São Bernardo do Campo";"4.612";"Não localizado";"-23.7027406";"-46.549769600000005";"fonte secundária; funcionamento atual não confirmado";"";"https://www.locaisdobrasil.com.br/encontre/bares/sao-bernardo-do-campo-sp/bar-do-deda/66c7a83ff99178ff57474384";"Priorizar — perfil corroborado";"1";"Não";"Bar para conversa e bebidas";"Ficha no endereço correspondente apresenta bebidas/petiscos no contexto de bar. Perfil compatível inferido; público universitário e preço acessível não comprovados.";"Perfil descrito em ficha/avaliações secundárias; operação pendente";"Não verificado";"Não confirmada diretamente nesta pesquisa";"Confirmar operação/horários diretamente; conferir endereço, fotos e acesso antes de cadastrar.";"2026-10-05";"https://restaurantguru.com.br/Bar-Do-Deda-Sao-Bernardo-do-Campo";"Ficha correspondente (HTTP 200): https://www.locaisdobrasil.com.br/encontre/bares/sao-bernardo-do-campo-sp/bar-do-deda/66c7a83ff99178ff57474384 | Ficha correspondente (HTTP 200): https://restaurantguru.com.br/Bar-Do-Deda-Sao-Bernardo-do-Campo";"";"";"";"";"https://restaurantguru.com.br/Bar-Do-Deda-Sao-Bernardo-do-Campo";"2026-10-05";"Confirmar operação/horários diretamente; conferir endereço, fotos e acesso antes de cadastrar."
"Fran Bar";"bares";"R. São Paulo, 1357 - Santa Paula, São Caetano do Sul - SP, 09530-211";"São Caetano do Sul";"4.619";"dom, seg, ter, qua, qui, sex, sáb: 11:00–23:00";"-23.6219764";"-46.5681538";"fonte secundária; funcionamento atual não confirmado";"";"https://www.locaisdobrasil.com.br/encontre/bares/sao-caetano-do-sul-sp/fran-bar/660f6f76a451b0ad1fb9c3cb";"Priorizar — perfil corroborado";"1";"Não";"Bar para resenha e jogos";"Ficha no endereço correspondente apresenta sinuca/bilhar, bebidas/petiscos no contexto de bar. Perfil compatível inferido; público universitário e preço acessível não comprovados.";"Perfil descrito em ficha/avaliações secundárias; operação pendente";"Não verificado";"Não confirmada diretamente nesta pesquisa";"Confirmar operação/horários diretamente; conferir endereço, fotos e acesso antes de cadastrar.";"2026-10-05";"https://restaurantguru.com.br/Fran-Bar-Sao-Caetano-do-Sul";"Ficha correspondente (HTTP 200): https://www.locaisdobrasil.com.br/encontre/bares/sao-caetano-do-sul-sp/fran-bar/660f6f76a451b0ad1fb9c3cb | Ficha correspondente (HTTP 200): https://restaurantguru.com.br/Fran-Bar-Sao-Caetano-do-Sul";"";"";"";"";"https://restaurantguru.com.br/Fran-Bar-Sao-Caetano-do-Sul";"2026-10-05";"Confirmar operação/horários diretamente; conferir endereço, fotos e acesso antes de cadastrar."
"Central Hookah Lounge";"bares";"R. Frutuoso Ferreira Lima, 217 - Centro, São Bernardo do Campo - SP, 09725-522";"São Bernardo do Campo";"4.63";"dom: 18:00–00:00; sex, sáb: 18:00–04:00";"-23.7027604";"-46.5596873";"fonte secundária; funcionamento atual não confirmado";"";"https://www.locaisdobrasil.com.br/encontre/bares/sao-bernardo-do-campo-sp/central-hookah-lounge/61f160d84f4b430e08875d74";"Priorizar — perfil corroborado";"1";"Não";"Bar para conversa e bebidas";"Ficha no endereço correspondente apresenta bebidas/petiscos no contexto de bar. Perfil compatível inferido; público universitário e preço acessível não comprovados.";"Perfil descrito em ficha/avaliações secundárias; operação pendente";"Não verificado";"Não confirmada diretamente nesta pesquisa";"Confirmar operação/horários diretamente; conferir endereço, fotos e acesso antes de cadastrar.";"2026-10-05";"https://restaurantguru.com.br/Central-Hookah-Lounge-Sao-Bernardo-do-Campo";"Ficha correspondente (HTTP 200): https://www.locaisdobrasil.com.br/encontre/bares/sao-bernardo-do-campo-sp/central-hookah-lounge/61f160d84f4b430e08875d74 | Ficha correspondente (HTTP 200): https://restaurantguru.com.br/Central-Hookah-Lounge-Sao-Bernardo-do-Campo";"";"";"";"";"https://restaurantguru.com.br/Central-Hookah-Lounge-Sao-Bernardo-do-Campo";"2026-10-05";"Confirmar operação/horários diretamente; conferir endereço, fotos e acesso antes de cadastrar."
"Cruzeirense Bar";"bares";"R. Maria Adelaide L. Quelhas, 370 - Centro, São Bernardo do Campo - SP, 09725-610";"São Bernardo do Campo";"4.69";"dom, ter, qua, qui, sex, sáb: 10:00–04:00";"-23.703409699999998";"-46.5586779";"fonte secundária; funcionamento atual não confirmado";"";"https://www.locaisdobrasil.com.br/encontre/bares/sao-bernardo-do-campo-sp/cruzeirense-bar/62db28b9587248af54ff658c";"Priorizar — perfil corroborado";"1";"Não";"Bar para conversa e bebidas";"Ficha no endereço correspondente apresenta bebidas/petiscos no contexto de bar. Perfil compatível inferido; público universitário e preço acessível não comprovados.";"Perfil descrito em ficha/avaliações secundárias; operação pendente";"Não verificado";"Não confirmada diretamente nesta pesquisa";"Confirmar operação/horários diretamente; conferir endereço, fotos e acesso antes de cadastrar.";"2026-10-05";"https://restaurantguru.com.br/Cruzeirense-Bar-Sao-Bernardo-do-Campo";"Ficha correspondente (HTTP 200): https://www.locaisdobrasil.com.br/encontre/bares/sao-bernardo-do-campo-sp/cruzeirense-bar/62db28b9587248af54ff658c | Ficha correspondente (HTTP 200): https://restaurantguru.com.br/Cruzeirense-Bar-Sao-Bernardo-do-Campo";"";"";"";"";"https://restaurantguru.com.br/Cruzeirense-Bar-Sao-Bernardo-do-Campo";"2026-10-05";"Confirmar operação/horários diretamente; conferir endereço, fotos e acesso antes de cadastrar."
"Bar e Lanche São Luiz";"bares";"Rua Oswaldo Cruz, 522 - Santa Paula, São Caetano do Sul - SP, 09541-270";"São Caetano do Sul";"4.703";"dom: 08:00–14:00; seg, ter, qua, qui, sex: 06:00–21:00; sáb: 07:00–21:00";"-23.6211339";"-46.5679929";"fonte secundária; funcionamento atual não confirmado";"";"https://www.locaisdobrasil.com.br/encontre/bares/sao-caetano-do-sul-sp/bar-e-lanche-sao-luiz/660f6ec5a451b0ad1fb9c371";"Priorizar — perfil corroborado";"1";"Não";"Bar para conversa e bebidas";"Ficha no endereço correspondente apresenta bebidas/petiscos no contexto de bar. Perfil compatível inferido; público universitário e preço acessível não comprovados.";"Perfil descrito em ficha/avaliações secundárias; operação pendente";"Não verificado";"Não confirmada diretamente nesta pesquisa";"Confirmar operação/horários diretamente; conferir endereço, fotos e acesso antes de cadastrar.";"2026-10-05";"https://restaurantguru.com.br/Bar-e-Lanche-Sao-Luiz-Sao-Caetano-do-Sul";"Ficha correspondente (HTTP 200): https://www.locaisdobrasil.com.br/encontre/bares/sao-caetano-do-sul-sp/bar-e-lanche-sao-luiz/660f6ec5a451b0ad1fb9c371 | Ficha correspondente (HTTP 200): https://restaurantguru.com.br/Bar-e-Lanche-Sao-Luiz-Sao-Caetano-do-Sul";"";"";"";"";"https://restaurantguru.com.br/Bar-e-Lanche-Sao-Luiz-Sao-Caetano-do-Sul";"2026-10-05";"Confirmar operação/horários diretamente; conferir endereço, fotos e acesso antes de cadastrar."
"Bar do Zé do Gelo";"bares";"R. Amazonas, 1198 - Oswaldo Cruz, São Caetano do Sul - SP, 09540-201";"São Caetano do Sul";"4.714";"dom, sex, sáb: 09:00–00:00; seg, ter, qua, qui: 10:00–00:00";"-23.6214977";"-46.569506399999995";"fonte secundária; funcionamento atual não confirmado";"";"https://www.locaisdobrasil.com.br/encontre/bares/sao-caetano-do-sul-sp/bar-do-ze-do-gelo/660c51d5d622f2b54116a292";"Priorizar — perfil corroborado";"1";"Não";"Bar para conversa e bebidas";"Ficha no endereço correspondente apresenta bebidas/petiscos no contexto de bar. Perfil compatível inferido; público universitário e preço acessível não comprovados.";"Perfil descrito em ficha/avaliações secundárias; operação pendente";"Não verificado";"Não confirmada diretamente nesta pesquisa";"Confirmar operação/horários diretamente; conferir endereço, fotos e acesso antes de cadastrar.";"2026-10-05";"https://restaurantguru.com.br/Bar-do-Ze-do-Gelo-Sao-Caetano-do-Sul";"Ficha correspondente (HTTP 200): https://www.locaisdobrasil.com.br/encontre/bares/sao-caetano-do-sul-sp/bar-do-ze-do-gelo/660c51d5d622f2b54116a292 | Ficha correspondente (HTTP 200): https://restaurantguru.com.br/Bar-do-Ze-do-Gelo-Sao-Caetano-do-Sul";"";"";"";"";"https://restaurantguru.com.br/Bar-do-Ze-do-Gelo-Sao-Caetano-do-Sul";"2026-10-05";"Confirmar operação/horários diretamente; conferir endereço, fotos e acesso antes de cadastrar."
"Bar do Gago";"bares";"Av. Sen. Roberto Símonsen, 1114 - Cerâmica, São Caetano do Sul - SP, 09530-401";"São Caetano do Sul";"4.791";"dom, seg, ter, qua, qui, sex, sáb: 00:00–23:59";"-23.623083299999998";"-46.5754326";"fonte secundária; funcionamento atual não confirmado";"";"https://www.locaisdobrasil.com.br/encontre/bares/sao-caetano-do-sul-sp/bar-do-gago/660f6f66a451b0ad1fb9c3c3";"Priorizar — perfil corroborado";"1";"Não";"Bar para conversa e bebidas";"Ficha no endereço correspondente apresenta bebidas/petiscos no contexto de bar. Perfil compatível inferido; público universitário e preço acessível não comprovados.";"Perfil descrito em ficha/avaliações secundárias; operação pendente";"Não verificado";"Não confirmada diretamente nesta pesquisa";"Confirmar operação/horários diretamente; conferir endereço, fotos e acesso antes de cadastrar.";"2026-10-05";"https://restaurantguru.com.br/Bar-do-Gago-Sao-Caetano-do-Sul";"Ficha correspondente (HTTP 200): https://www.locaisdobrasil.com.br/encontre/bares/sao-caetano-do-sul-sp/bar-do-gago/660f6f66a451b0ad1fb9c3c3 | Ficha correspondente (HTTP 200): https://restaurantguru.com.br/Bar-do-Gago-Sao-Caetano-do-Sul";"";"";"";"";"https://restaurantguru.com.br/Bar-do-Gago-Sao-Caetano-do-Sul";"2026-10-05";"Confirmar operação/horários diretamente; conferir endereço, fotos e acesso antes de cadastrar."
"Bar do André Copcinski";"bares";"Av. Imperatriz Leopoldina, 631 - Jardim Nova Petropolis, São Bernardo do Campo - SP, 09770-272";"São Bernardo do Campo";"4.972";"dom: 11:00–17:30; ter, qua, qui: 11:00–23:30; sex, sáb: 11:00–23:59";"-23.7055123";"-46.5457129";"fonte secundária; funcionamento atual não confirmado";"Perto da borda: revisar coordenadas antes de publicar distância.";"https://www.locaisdobrasil.com.br/encontre/bares/sao-bernardo-do-campo-sp/bar-do-andre-copcinski/660bbd4ad622f2b54116710a";"Priorizar — perfil corroborado";"1";"Não";"Bar para conversa e bebidas";"Ficha no endereço correspondente apresenta bebidas/petiscos no contexto de bar. Perfil compatível inferido; público universitário e preço acessível não comprovados.";"Perfil descrito em ficha/avaliações secundárias; operação pendente";"Não verificado";"Não confirmada diretamente nesta pesquisa";"Confirmar operação/horários diretamente; conferir endereço, fotos e acesso antes de cadastrar.";"2026-10-05";"https://restaurantguru.com.br/Bar-do-Andre-Copcinski-Sao-Bernardo-do-Campo-3";"Ficha correspondente (HTTP 200): https://www.locaisdobrasil.com.br/encontre/bares/sao-bernardo-do-campo-sp/bar-do-andre-copcinski/660bbd4ad622f2b54116710a | Ficha correspondente (HTTP 200): https://restaurantguru.com.br/Bar-do-Andre-Copcinski-Sao-Bernardo-do-Campo-3";"";"";"";"";"https://restaurantguru.com.br/Bar-do-Andre-Copcinski-Sao-Bernardo-do-Campo-3";"2026-10-05";"Confirmar operação/horários diretamente; conferir endereço, fotos e acesso antes de cadastrar."
